guid,exception
0DACF38C-A3EC-DE11-AA5C-002481857DBB,State code is invalid or state code is valid but status code is invalid for a specified state code.
001a58f5-b43b-e211-b4da-000423b19f4e,State code is invalid or state code is valid but status code is invalid for a specified state code.
c09ac665-2f3d-e211-b4da-000423b19f4e,State code is invalid or state code is valid but status code is invalid for a specified state code.
207fcfcc-2f3d-e211-b4da-000423b19f4e,State code is invalid or state code is valid but status code is invalid for a specified state code.
80a9b55e-3c3d-e211-b4da-000423b19f4e,State code is invalid or state code is valid but status code is invalid for a specified state code.
d0690ce5-e43d-e211-b4da-000423b19f4e,State code is invalid or state code is valid but status code is invalid for a specified state code.
b0341a4c-f23d-e211-b4da-000423b19f4e,State code is invalid or state code is valid but status code is invalid for a specified state code.
f099a428-f53d-e211-b4da-000423b19f4e,State code is invalid or state code is valid but status code is invalid for a specified state code.
10c78b58-fa3d-e211-b4da-000423b19f4e,State code is invalid or state code is valid but status code is invalid for a specified state code.
50a11cb5-013e-e211-b4da-000423b19f4e,State code is invalid or state code is valid but status code is invalid for a specified state code.
308b64bf-ad3e-e211-b4da-000423b19f4e,State code is invalid or state code is valid but status code is invalid for a specified state code.
d02858d9-ad3e-e211-b4da-000423b19f4e,State code is invalid or state code is valid but status code is invalid for a specified state code.
f08e76f7-ae3e-e211-b4da-000423b19f4e,State code is invalid or state code is valid but status code is invalid for a specified state code.
f0f47729-bb3e-e211-b4da-000423b19f4e,State code is invalid or state code is valid but status code is invalid for a specified state code.
